"LOCATION","INDICATOR","SUBJECT","MEASURE","FREQUENCY","TIME","Value","Flag Codes"
"KOR","CLI","AMPLITUD","LTRENDIDX","M","1990-01",100.2002,
"KOR","CLI","AMPLITUD","LTRENDIDX","M","1990-02",100.0685,
"KOR","CLI","AMPLITUD","LTRENDIDX","M","1990-03",99.99801,
"KOR","CLI","AMPLITUD","LTRENDIDX","M","1990-04",99.93277,
"KOR","CLI","AMPLITUD","LTRENDIDX","M","1990-05",99.84048,
"KOR","CLI","AMPLITUD","LTRENDIDX","M","1990-06",99.7028,
"KOR","CLI","AMPLITUD","LTRENDIDX","M","1990-07",99.50111,
"KOR","CLI","AMPLITUD","LTRENDIDX","M","1990-08",99.25247,
"KOR","CLI","AMPLITUD","LTRENDIDX","M","1990-09",99.00312,
"KOR","CLI","AMPLITUD","LTRENDIDX","M","1990-10",98.81596,
"KOR","CLI","AMPLITUD","LTRENDIDX","M","1990-11",98.74453,
"KOR","CLI","AMPLITUD","LTRENDIDX","M","1990-12",98.80072,
"KOR","CLI","AMPLITUD","LTRENDIDX","M","1991-01",98.95183,
"KOR","CLI","AMPLITUD","LTRENDIDX","M","1991-02",99.14964,
"KOR","CLI","AMPLITUD","LTRENDIDX","M","1991-03",99.34306,
"KOR","CLI","AMPLITUD","LTRENDIDX","M","1991-04",99.49317,
"KOR","CLI","AMPLITUD","LTRENDIDX","M","1991-05",99.55781,
"KOR","CLI","AMPLITUD","LTRENDIDX","M","1991-06",99.4931,
"KOR","CLI","AMPLITUD","LTRENDIDX","M","1991-07",99.31562,
"KOR","CLI","AMPLITUD","LTRENDIDX","M","1991-08",99.00002,
"KOR","CLI","AMPLITUD","LTRENDIDX","M","1991-09",98.66537,
"KOR","CLI","AMPLITUD","LTRENDIDX","M","1991-10",98.34525,
"KOR","CLI","AMPLITUD","LTRENDIDX","M","1991-11",98.0351,
"KOR","CLI","AMPLITUD","LTRENDIDX","M","1991-12",97.75325,
"KOR","CLI","AMPLITUD","LTRENDIDX","M","1992-01",97.5314,
"KOR","CLI","AMPLITUD","LTRENDIDX","M","1992-02",97.37804,
"KOR","CLI","AMPLITUD","LTRENDIDX","M","1992-03",97.30309,
"KOR","CLI","AMPLITUD","LTRENDIDX","M","1992-04",97.2558,
"KOR","CLI","AMPLITUD","LTRENDIDX","M","1992-05",97.21957,
"KOR","CLI","AMPLITUD","LTRENDIDX","M","1992-06",97.19319,
"KOR","CLI","AMPLITUD","LTRENDIDX","M","1992-07",97.19389,
"KOR","CLI","AMPLITUD","LTRENDIDX","M","1992-08",97.24567,
"KOR","CLI","AMPLITUD","LTRENDIDX","M","1992-09",97.36889,
"KOR","CLI","AMPLITUD","LTRENDIDX","M","1992-10",97.55154,
"KOR","CLI","AMPLITUD","LTRENDIDX","M","1992-11",97.77325,
"KOR","CLI","AMPLITUD","LTRENDIDX","M","1992-12",97.99466,
"KOR","CLI","AMPLITUD","LTRENDIDX","M","1993-01",98.18236,
"KOR","CLI","AMPLITUD","LTRENDIDX","M","1993-02",98.35442,
"KOR","CLI","AMPLITUD","LTRENDIDX","M","1993-03",98.54191,
"KOR","CLI","AMPLITUD","LTRENDIDX","M","1993-04",98.77163,
"KOR","CLI","AMPLITUD","LTRENDIDX","M","1993-05",99.03162,
"KOR","CLI","AMPLITUD","LTRENDIDX","M","1993-06",99.31208,
"KOR","CLI","AMPLITUD","LTRENDIDX","M","1993-07",99.60091,
"KOR","CLI","AMPLITUD","LTRENDIDX","M","1993-08",99.88889,
"KOR","CLI","AMPLITUD","LTRENDIDX","M","1993-09",100.1676,
"KOR","CLI","AMPLITUD","LTRENDIDX","M","1993-10",100.4243,
"KOR","CLI","AMPLITUD","LTRENDIDX","M","1993-11",100.6501,
"KOR","CLI","AMPLITUD","LTRENDIDX","M","1993-12",100.8377,
"KOR","CLI","AMPLITUD","LTRENDIDX","M","1994-01",100.985,
"KOR","CLI","AMPLITUD","LTRENDIDX","M","1994-02",101.1232,
"KOR","CLI","AMPLITUD","LTRENDIDX","M","1994-03",101.2706,
"KOR","CLI","AMPLITUD","LTRENDIDX","M","1994-04",101.4316,
"KOR","CLI","AMPLITUD","LTRENDIDX","M","1994-05",101.5858,
"KOR","CLI","AMPLITUD","LTRENDIDX","M","1994-06",101.7296,
"KOR","CLI","AMPLITUD","LTRENDIDX","M","1994-07",101.8775,
"KOR","CLI","AMPLITUD","LTRENDIDX","M","1994-08",102.0337,
"KOR","CLI","AMPLITUD","LTRENDIDX","M","1994-09",102.1978,
"KOR","CLI","AMPLITUD","LTRENDIDX","M","1994-10",102.3573,
"KOR","CLI","AMPLITUD","LTRENDIDX","M","1994-11",102.465,
"KOR","CLI","AMPLITUD","LTRENDIDX","M","1994-12",102.4822,
"KOR","CLI","AMPLITUD","LTRENDIDX","M","1995-01",102.4113,
"KOR","CLI","AMPLITUD","LTRENDIDX","M","1995-02",102.5358,
"KOR","CLI","AMPLITUD","LTRENDIDX","M","1995-03",102.6105,
"KOR","CLI","AMPLITUD","LTRENDIDX","M","1995-04",102.6372,
"KOR","CLI","AMPLITUD","LTRENDIDX","M","1995-05",102.6228,
"KOR","CLI","AMPLITUD","LTRENDIDX","M","1995-06",102.5744,
"KOR","CLI","AMPLITUD","LTRENDIDX","M","1995-07",102.4898,
"KOR","CLI","AMPLITUD","LTRENDIDX","M","1995-08",102.3693,
"KOR","CLI","AMPLITUD","LTRENDIDX","M","1995-09",102.218,
"KOR","CLI","AMPLITUD","LTRENDIDX","M","1995-10",102.0349,
"KOR","CLI","AMPLITUD","LTRENDIDX","M","1995-11",101.823,
"KOR","CLI","AMPLITUD","LTRENDIDX","M","1995-12",101.579,
"KOR","CLI","AMPLITUD","LTRENDIDX","M","1996-01",101.3088,
"KOR","CLI","AMPLITUD","LTRENDIDX","M","1996-02",101.0138,
"KOR","CLI","AMPLITUD","LTRENDIDX","M","1996-03",100.6714,
"KOR","CLI","AMPLITUD","LTRENDIDX","M","1996-04",100.2591,
"KOR","CLI","AMPLITUD","LTRENDIDX","M","1996-05",99.7795,
"KOR","CLI","AMPLITUD","LTRENDIDX","M","1996-06",99.26831,
"KOR","CLI","AMPLITUD","LTRENDIDX","M","1996-07",98.772,
"KOR","CLI","AMPLITUD","LTRENDIDX","M","1996-08",98.33185,
"KOR","CLI","AMPLITUD","LTRENDIDX","M","1996-09",97.98766,
"KOR","CLI","AMPLITUD","LTRENDIDX","M","1996-10",97.76198,
"KOR","CLI","AMPLITUD","LTRENDIDX","M","1996-11",97.65704,
"KOR","CLI","AMPLITUD","LTRENDIDX","M","1996-12",97.66781,
"KOR","CLI","AMPLITUD","LTRENDIDX","M","1997-01",97.75263,
"KOR","CLI","AMPLITUD","LTRENDIDX","M","1997-02",97.87985,
"KOR","CLI","AMPLITUD","LTRENDIDX","M","1997-03",98.03594,
"KOR","CLI","AMPLITUD","LTRENDIDX","M","1997-04",98.22009,
"KOR","CLI","AMPLITUD","LTRENDIDX","M","1997-05",98.39963,
"KOR","CLI","AMPLITUD","LTRENDIDX","M","1997-06",98.50679,
"KOR","CLI","AMPLITUD","LTRENDIDX","M","1997-07",98.45172,
"KOR","CLI","AMPLITUD","LTRENDIDX","M","1997-08",98.17062,
"KOR","CLI","AMPLITUD","LTRENDIDX","M","1997-09",97.64558,
"KOR","CLI","AMPLITUD","LTRENDIDX","M","1997-10",96.94314,
"KOR","CLI","AMPLITUD","LTRENDIDX","M","1997-11",96.18104,
"KOR","CLI","AMPLITUD","LTRENDIDX","M","1997-12",95.49679,
"KOR","CLI","AMPLITUD","LTRENDIDX","M","1998-01",95.00493,
"KOR","CLI","AMPLITUD","LTRENDIDX","M","1998-02",94.74966,
"KOR","CLI","AMPLITUD","LTRENDIDX","M","1998-03",94.72791,
"KOR","CLI","AMPLITUD","LTRENDIDX","M","1998-04",94.9082,
"KOR","CLI","AMPLITUD","LTRENDIDX","M","1998-05",95.25729,
"KOR","CLI","AMPLITUD","LTRENDIDX","M","1998-06",95.75313,
"KOR","CLI","AMPLITUD","LTRENDIDX","M","1998-07",96.37511,
"KOR","CLI","AMPLITUD","LTRENDIDX","M","1998-08",97.07363,
"KOR","CLI","AMPLITUD","LTRENDIDX","M","1998-09",97.79988,
"KOR","CLI","AMPLITUD","LTRENDIDX","M","1998-10",98.52849,
"KOR","CLI","AMPLITUD","LTRENDIDX","M","1998-11",99.29579,
"KOR","CLI","AMPLITUD","LTRENDIDX","M","1998-12",100.1448,
"KOR","CLI","AMPLITUD","LTRENDIDX","M","1999-01",101.0801,
"KOR","CLI","AMPLITUD","LTRENDIDX","M","1999-02",102.0538,
"KOR","CLI","AMPLITUD","LTRENDIDX","M","1999-03",103.0017,
"KOR","CLI","AMPLITUD","LTRENDIDX","M","1999-04",103.8596,
"KOR","CLI","AMPLITUD","LTRENDIDX","M","1999-05",104.5894,
"KOR","CLI","AMPLITUD","LTRENDIDX","M","1999-06",105.1736,
"KOR","CLI","AMPLITUD","LTRENDIDX","M","1999-07",105.5899,
"KOR","CLI","AMPLITUD","LTRENDIDX","M","1999-08",105.8046,
"KOR","CLI","AMPLITUD","LTRENDIDX","M","1999-09",105.824,
"KOR","CLI","AMPLITUD","LTRENDIDX","M","1999-10",105.676,
"KOR","CLI","AMPLITUD","LTRENDIDX","M","1999-11",105.4092,
"KOR","CLI","AMPLITUD","LTRENDIDX","M","1999-12",105.0284,
"KOR","CLI","AMPLITUD","LTRENDIDX","M","2000-01",104.568,
"KOR","CLI","AMPLITUD","LTRENDIDX","M","2000-02",104.0708,
"KOR","CLI","AMPLITUD","LTRENDIDX","M","2000-03",103.6055,
"KOR","CLI","AMPLITUD","LTRENDIDX","M","2000-04",103.2042,
"KOR","CLI","AMPLITUD","LTRENDIDX","M","2000-05",102.8302,
"KOR","CLI","AMPLITUD","LTRENDIDX","M","2000-06",102.4393,
"KOR","CLI","AMPLITUD","LTRENDIDX","M","2000-07",101.9771,
"KOR","CLI","AMPLITUD","LTRENDIDX","M","2000-08",101.4073,
"KOR","CLI","AMPLITUD","LTRENDIDX","M","2000-09",100.7122,
"KOR","CLI","AMPLITUD","LTRENDIDX","M","2000-10",99.9271,
"KOR","CLI","AMPLITUD","LTRENDIDX","M","2000-11",99.12359,
"KOR","CLI","AMPLITUD","LTRENDIDX","M","2000-12",98.37669,
"KOR","CLI","AMPLITUD","LTRENDIDX","M","2001-01",97.75892,
"KOR","CLI","AMPLITUD","LTRENDIDX","M","2001-02",97.33828,
"KOR","CLI","AMPLITUD","LTRENDIDX","M","2001-03",97.14757,
"KOR","CLI","AMPLITUD","LTRENDIDX","M","2001-04",97.12904,
"KOR","CLI","AMPLITUD","LTRENDIDX","M","2001-05",97.2114,
"KOR","CLI","AMPLITUD","LTRENDIDX","M","2001-06",97.35626,
"KOR","CLI","AMPLITUD","LTRENDIDX","M","2001-07",97.56467,
"KOR","CLI","AMPLITUD","LTRENDIDX","M","2001-08",97.86053,
"KOR","CLI","AMPLITUD","LTRENDIDX","M","2001-09",98.26097,
"KOR","CLI","AMPLITUD","LTRENDIDX","M","2001-10",98.79657,
"KOR","CLI","AMPLITUD","LTRENDIDX","M","2001-11",99.46094,
"KOR","CLI","AMPLITUD","LTRENDIDX","M","2001-12",100.1951,
"KOR","CLI","AMPLITUD","LTRENDIDX","M","2002-01",100.9245,
"KOR","CLI","AMPLITUD","LTRENDIDX","M","2002-02",101.5733,
"KOR","CLI","AMPLITUD","LTRENDIDX","M","2002-03",102.0744,
"KOR","CLI","AMPLITUD","LTRENDIDX","M","2002-04",102.3593,
"KOR","CLI","AMPLITUD","LTRENDIDX","M","2002-05",102.4205,
"KOR","CLI","AMPLITUD","LTRENDIDX","M","2002-06",102.3051,
"KOR","CLI","AMPLITUD","LTRENDIDX","M","2002-07",102.085,
"KOR","CLI","AMPLITUD","LTRENDIDX","M","2002-08",101.7886,
"KOR","CLI","AMPLITUD","LTRENDIDX","M","2002-09",101.445,
"KOR","CLI","AMPLITUD","LTRENDIDX","M","2002-10",101.05,
"KOR","CLI","AMPLITUD","LTRENDIDX","M","2002-11",100.5944,
"KOR","CLI","AMPLITUD","LTRENDIDX","M","2002-12",100.0606,
"KOR","CLI","AMPLITUD","LTRENDIDX","M","2003-01",99.46944,
"KOR","CLI","AMPLITUD","LTRENDIDX","M","2003-02",98.91644,
"KOR","CLI","AMPLITUD","LTRENDIDX","M","2003-03",98.49627,
"KOR","CLI","AMPLITUD","LTRENDIDX","M","2003-04",98.25625,
"KOR","CLI","AMPLITUD","LTRENDIDX","M","2003-05",98.20399,
"KOR","CLI","AMPLITUD","LTRENDIDX","M","2003-06",98.32683,
"KOR","CLI","AMPLITUD","LTRENDIDX","M","2003-07",98.58378,
"KOR","CLI","AMPLITUD","LTRENDIDX","M","2003-08",98.9214,
"KOR","CLI","AMPLITUD","LTRENDIDX","M","2003-09",99.27198,
"KOR","CLI","AMPLITUD","LTRENDIDX","M","2003-10",99.59715,
"KOR","CLI","AMPLITUD","LTRENDIDX","M","2003-11",99.87445,
"KOR","CLI","AMPLITUD","LTRENDIDX","M","2003-12",100.0917,
"KOR","CLI","AMPLITUD","LTRENDIDX","M","2004-01",100.2452,
"KOR","CLI","AMPLITUD","LTRENDIDX","M","2004-02",100.327,
"KOR","CLI","AMPLITUD","LTRENDIDX","M","2004-03",100.3506,
"KOR","CLI","AMPLITUD","LTRENDIDX","M","2004-04",100.3479,
"KOR","CLI","AMPLITUD","LTRENDIDX","M","2004-05",100.3177,
"KOR","CLI","AMPLITUD","LTRENDIDX","M","2004-06",100.2756,
"KOR","CLI","AMPLITUD","LTRENDIDX","M","2004-07",100.2315,
"KOR","CLI","AMPLITUD","LTRENDIDX","M","2004-08",100.1775,
"KOR","CLI","AMPLITUD","LTRENDIDX","M","2004-09",100.1087,
"KOR","CLI","AMPLITUD","LTRENDIDX","M","2004-10",100.0239,
"KOR","CLI","AMPLITUD","LTRENDIDX","M","2004-11",99.94199,
"KOR","CLI","AMPLITUD","LTRENDIDX","M","2004-12",99.88313,
"KOR","CLI","AMPLITUD","LTRENDIDX","M","2005-01",99.87493,
"KOR","CLI","AMPLITUD","LTRENDIDX","M","2005-02",99.91961,
"KOR","CLI","AMPLITUD","LTRENDIDX","M","2005-03",99.97668,
"KOR","CLI","AMPLITUD","LTRENDIDX","M","2005-04",100.0317,
"KOR","CLI","AMPLITUD","LTRENDIDX","M","2005-05",100.1113,
"KOR","CLI","AMPLITUD","LTRENDIDX","M","2005-06",100.2447,
"KOR","CLI","AMPLITUD","LTRENDIDX","M","2005-07",100.4349,
"KOR","CLI","AMPLITUD","LTRENDIDX","M","2005-08",100.6656,
"KOR","CLI","AMPLITUD","LTRENDIDX","M","2005-09",100.8988,
"KOR","CLI","AMPLITUD","LTRENDIDX","M","2005-10",101.0989,
"KOR","CLI","AMPLITUD","LTRENDIDX","M","2005-11",101.2242,
"KOR","CLI","AMPLITUD","LTRENDIDX","M","2005-12",101.2491,
"KOR","CLI","AMPLITUD","LTRENDIDX","M","2006-01",101.1699,
"KOR","CLI","AMPLITUD","LTRENDIDX","M","2006-02",101.0118,
"KOR","CLI","AMPLITUD","LTRENDIDX","M","2006-03",100.8089,
"KOR","CLI","AMPLITUD","LTRENDIDX","M","2006-04",100.595,
"KOR","CLI","AMPLITUD","LTRENDIDX","M","2006-05",100.3967,
"KOR","CLI","AMPLITUD","LTRENDIDX","M","2006-06",100.2527,
"KOR","CLI","AMPLITUD","LTRENDIDX","M","2006-07",100.2054,
"KOR","CLI","AMPLITUD","LTRENDIDX","M","2006-08",100.2536,
"KOR","CLI","AMPLITUD","LTRENDIDX","M","2006-09",100.3371,
"KOR","CLI","AMPLITUD","LTRENDIDX","M","2006-10",100.4057,
"KOR","CLI","AMPLITUD","LTRENDIDX","M","2006-11",100.4344,
"KOR","CLI","AMPLITUD","LTRENDIDX","M","2006-12",100.4414,
"KOR","CLI","AMPLITUD","LTRENDIDX","M","2007-01",100.4653,
"KOR","CLI","AMPLITUD","LTRENDIDX","M","2007-02",100.5388,
"KOR","CLI","AMPLITUD","LTRENDIDX","M","2007-03",100.6639,
"KOR","CLI","AMPLITUD","LTRENDIDX","M","2007-04",100.8465,
"KOR","CLI","AMPLITUD","LTRENDIDX","M","2007-05",101.0597,
"KOR","CLI","AMPLITUD","LTRENDIDX","M","2007-06",101.2629,
"KOR","CLI","AMPLITUD","LTRENDIDX","M","2007-07",101.4047,
"KOR","CLI","AMPLITUD","LTRENDIDX","M","2007-08",101.4317,
"KOR","CLI","AMPLITUD","LTRENDIDX","M","2007-09",101.3294,
"KOR","CLI","AMPLITUD","LTRENDIDX","M","2007-10",101.082,
"KOR","CLI","AMPLITUD","LTRENDIDX","M","2007-11",100.6988,
"KOR","CLI","AMPLITUD","LTRENDIDX","M","2007-12",100.2153,
"KOR","CLI","AMPLITUD","LTRENDIDX","M","2008-01",99.67872,
"KOR","CLI","AMPLITUD","LTRENDIDX","M","2008-02",99.13499,
"KOR","CLI","AMPLITUD","LTRENDIDX","M","2008-03",98.61716,
"KOR","CLI","AMPLITUD","LTRENDIDX","M","2008-04",98.13834,
"KOR","CLI","AMPLITUD","LTRENDIDX","M","2008-05",97.69984,
"KOR","CLI","AMPLITUD","LTRENDIDX","M","2008-06",97.30302,
"KOR","CLI","AMPLITUD","LTRENDIDX","M","2008-07",96.97771,
"KOR","CLI","AMPLITUD","LTRENDIDX","M","2008-08",96.73012,
"KOR","CLI","AMPLITUD","LTRENDIDX","M","2008-09",96.55865,
"KOR","CLI","AMPLITUD","LTRENDIDX","M","2008-10",96.50079,
"KOR","CLI","AMPLITUD","LTRENDIDX","M","2008-11",96.63535,
"KOR","CLI","AMPLITUD","LTRENDIDX","M","2008-12",97.0145,
"KOR","CLI","AMPLITUD","LTRENDIDX","M","2009-01",97.63833,
"KOR","CLI","AMPLITUD","LTRENDIDX","M","2009-02",98.44709,
"KOR","CLI","AMPLITUD","LTRENDIDX","M","2009-03",99.30701,
"KOR","CLI","AMPLITUD","LTRENDIDX","M","2009-04",100.1367,
"KOR","CLI","AMPLITUD","LTRENDIDX","M","2009-05",100.8711,
"KOR","CLI","AMPLITUD","LTRENDIDX","M","2009-06",101.4995,
"KOR","CLI","AMPLITUD","LTRENDIDX","M","2009-07",102.0281,
"KOR","CLI","AMPLITUD","LTRENDIDX","M","2009-08",102.4432,
"KOR","CLI","AMPLITUD","LTRENDIDX","M","2009-09",102.7238,
"KOR","CLI","AMPLITUD","LTRENDIDX","M","2009-10",102.8623,
"KOR","CLI","AMPLITUD","LTRENDIDX","M","2009-11",102.8831,
"KOR","CLI","AMPLITUD","LTRENDIDX","M","2009-12",102.8087,
"KOR","CLI","AMPLITUD","LTRENDIDX","M","2010-01",102.6638,
"KOR","CLI","AMPLITUD","LTRENDIDX","M","2010-02",102.4825,
"KOR","CLI","AMPLITUD","LTRENDIDX","M","2010-03",102.2935,
"KOR","CLI","AMPLITUD","LTRENDIDX","M","2010-04",102.106,
"KOR","CLI","AMPLITUD","LTRENDIDX","M","2010-05",101.9173,
"KOR","CLI","AMPLITUD","LTRENDIDX","M","2010-06",101.7198,
"KOR","CLI","AMPLITUD","LTRENDIDX","M","2010-07",101.5061,
"KOR","CLI","AMPLITUD","LTRENDIDX","M","2010-08",101.2889,
"KOR","CLI","AMPLITUD","LTRENDIDX","M","2010-09",101.0862,
"KOR","CLI","AMPLITUD","LTRENDIDX","M","2010-10",100.9299,
"KOR","CLI","AMPLITUD","LTRENDIDX","M","2010-11",100.8471,
"KOR","CLI","AMPLITUD","LTRENDIDX","M","2010-12",100.8309,
"KOR","CLI","AMPLITUD","LTRENDIDX","M","2011-01",100.8503,
"KOR","CLI","AMPLITUD","LTRENDIDX","M","2011-02",100.8316,
"KOR","CLI","AMPLITUD","LTRENDIDX","M","2011-03",100.7248,
"KOR","CLI","AMPLITUD","LTRENDIDX","M","2011-04",100.5331,
"KOR","CLI","AMPLITUD","LTRENDIDX","M","2011-05",100.2675,
"KOR","CLI","AMPLITUD","LTRENDIDX","M","2011-06",99.95238,
"KOR","CLI","AMPLITUD","LTRENDIDX","M","2011-07",99.61805,
"KOR","CLI","AMPLITUD","LTRENDIDX","M","2011-08",99.27722,
"KOR","CLI","AMPLITUD","LTRENDIDX","M","2011-09",98.95759,
"KOR","CLI","AMPLITUD","LTRENDIDX","M","2011-10",98.68283,
"KOR","CLI","AMPLITUD","LTRENDIDX","M","2011-11",98.48191,
"KOR","CLI","AMPLITUD","LTRENDIDX","M","2011-12",98.39091,
"KOR","CLI","AMPLITUD","LTRENDIDX","M","2012-01",98.41059,
"KOR","CLI","AMPLITUD","LTRENDIDX","M","2012-02",98.50681,
"KOR","CLI","AMPLITUD","LTRENDIDX","M","2012-03",98.62672,
"KOR","CLI","AMPLITUD","LTRENDIDX","M","2012-04",98.7381,
"KOR","CLI","AMPLITUD","LTRENDIDX","M","2012-05",98.81495,
"KOR","CLI","AMPLITUD","LTRENDIDX","M","2012-06",98.85424,
"KOR","CLI","AMPLITUD","LTRENDIDX","M","2012-07",98.86221,
"KOR","CLI","AMPLITUD","LTRENDIDX","M","2012-08",98.87003,
"KOR","CLI","AMPLITUD","LTRENDIDX","M","2012-09",98.8961,
"KOR","CLI","AMPLITUD","LTRENDIDX","M","2012-10",98.93663,
"KOR","CLI","AMPLITUD","LTRENDIDX","M","2012-11",98.99238,
"KOR","CLI","AMPLITUD","LTRENDIDX","M","2012-12",99.07172,
"KOR","CLI","AMPLITUD","LTRENDIDX","M","2013-01",99.16915,
"KOR","CLI","AMPLITUD","LTRENDIDX","M","2013-02",99.29518,
"KOR","CLI","AMPLITUD","LTRENDIDX","M","2013-03",99.45023,
"KOR","CLI","AMPLITUD","LTRENDIDX","M","2013-04",99.59739,
"KOR","CLI","AMPLITUD","LTRENDIDX","M","2013-05",99.70758,
"KOR","CLI","AMPLITUD","LTRENDIDX","M","2013-06",99.76276,
"KOR","CLI","AMPLITUD","LTRENDIDX","M","2013-07",99.76006,
"KOR","CLI","AMPLITUD","LTRENDIDX","M","2013-08",99.72754,
"KOR","CLI","AMPLITUD","LTRENDIDX","M","2013-09",99.67694,
"KOR","CLI","AMPLITUD","LTRENDIDX","M","2013-10",99.63487,
"KOR","CLI","AMPLITUD","LTRENDIDX","M","2013-11",99.61071,
"KOR","CLI","AMPLITUD","LTRENDIDX","M","2013-12",99.60478,
"KOR","CLI","AMPLITUD","LTRENDIDX","M","2014-01",99.60557,
"KOR","CLI","AMPLITUD","LTRENDIDX","M","2014-02",99.59389,
"KOR","CLI","AMPLITUD","LTRENDIDX","M","2014-03",99.56428,
"KOR","CLI","AMPLITUD","LTRENDIDX","M","2014-04",99.51808,
"KOR","CLI","AMPLITUD","LTRENDIDX","M","2014-05",99.47057,
"KOR","CLI","AMPLITUD","LTRENDIDX","M","2014-06",99.44731,
"KOR","CLI","AMPLITUD","LTRENDIDX","M","2014-07",99.47328,
"KOR","CLI","AMPLITUD","LTRENDIDX","M","2014-08",99.56121,
"KOR","CLI","AMPLITUD","LTRENDIDX","M","2014-09",99.70351,
"KOR","CLI","AMPLITUD","LTRENDIDX","M","2014-10",99.88699,
"KOR","CLI","AMPLITUD","LTRENDIDX","M","2014-11",100.0889,
"KOR","CLI","AMPLITUD","LTRENDIDX","M","2014-12",100.2665,
"KOR","CLI","AMPLITUD","LTRENDIDX","M","2015-01",100.3898,
"KOR","CLI","AMPLITUD","LTRENDIDX","M","2015-02",100.4625,
"KOR","CLI","AMPLITUD","LTRENDIDX","M","2015-03",100.4908,
"KOR","CLI","AMPLITUD","LTRENDIDX","M","2015-04",100.4823,
"KOR","CLI","AMPLITUD","LTRENDIDX","M","2015-05",100.4485,
"KOR","CLI","AMPLITUD","LTRENDIDX","M","2015-06",100.4077,
"KOR","CLI","AMPLITUD","LTRENDIDX","M","2015-07",100.3918,
"KOR","CLI","AMPLITUD","LTRENDIDX","M","2015-08",100.4012,
"KOR","CLI","AMPLITUD","LTRENDIDX","M","2015-09",100.4319,
"KOR","CLI","AMPLITUD","LTRENDIDX","M","2015-10",100.4602,
"KOR","CLI","AMPLITUD","LTRENDIDX","M","2015-11",100.4673,
"KOR","CLI","AMPLITUD","LTRENDIDX","M","2015-12",100.4477,
"KOR","CLI","AMPLITUD","LTRENDIDX","M","2016-01",100.4218,
"KOR","CLI","AMPLITUD","LTRENDIDX","M","2016-02",100.4148,
"KOR","CLI","AMPLITUD","LTRENDIDX","M","2016-03",100.4371,
"KOR","CLI","AMPLITUD","LTRENDIDX","M","2016-04",100.4861,
"KOR","CLI","AMPLITUD","LTRENDIDX","M","2016-05",100.5618,
"KOR","CLI","AMPLITUD","LTRENDIDX","M","2016-06",100.6685,
"KOR","CLI","AMPLITUD","LTRENDIDX","M","2016-07",100.8052,
"KOR","CLI","AMPLITUD","LTRENDIDX","M","2016-08",100.9627,
"KOR","CLI","AMPLITUD","LTRENDIDX","M","2016-09",101.1163,
"KOR","CLI","AMPLITUD","LTRENDIDX","M","2016-10",101.251,
"KOR","CLI","AMPLITUD","LTRENDIDX","M","2016-11",101.38,
"KOR","CLI","AMPLITUD","LTRENDIDX","M","2016-12",101.5109,
"KOR","CLI","AMPLITUD","LTRENDIDX","M","2017-01",101.6388,
"KOR","CLI","AMPLITUD","LTRENDIDX","M","2017-02",101.7461,
"KOR","CLI","AMPLITUD","LTRENDIDX","M","2017-03",101.8175,
"KOR","CLI","AMPLITUD","LTRENDIDX","M","2017-04",101.8443,
"KOR","CLI","AMPLITUD","LTRENDIDX","M","2017-05",101.826,
"KOR","CLI","AMPLITUD","LTRENDIDX","M","2017-06",101.775,
"KOR","CLI","AMPLITUD","LTRENDIDX","M","2017-07",101.6912,
"KOR","CLI","AMPLITUD","LTRENDIDX","M","2017-08",101.5773,
"KOR","CLI","AMPLITUD","LTRENDIDX","M","2017-09",101.4352,
"KOR","CLI","AMPLITUD","LTRENDIDX","M","2017-10",101.2646,
"KOR","CLI","AMPLITUD","LTRENDIDX","M","2017-11",101.058,
"KOR","CLI","AMPLITUD","LTRENDIDX","M","2017-12",100.8303,
"KOR","CLI","AMPLITUD","LTRENDIDX","M","2018-01",100.6247,
"KOR","CLI","AMPLITUD","LTRENDIDX","M","2018-02",100.4549,
"KOR","CLI","AMPLITUD","LTRENDIDX","M","2018-03",100.3096,
"KOR","CLI","AMPLITUD","LTRENDIDX","M","2018-04",100.1917,
"KOR","CLI","AMPLITUD","LTRENDIDX","M","2018-05",100.0909,
"KOR","CLI","AMPLITUD","LTRENDIDX","M","2018-06",99.9943,
"KOR","CLI","AMPLITUD","LTRENDIDX","M","2018-07",99.91171,
"KOR","CLI","AMPLITUD","LTRENDIDX","M","2018-08",99.84442,
"KOR","CLI","AMPLITUD","LTRENDIDX","M","2018-09",99.78109,
"KOR","CLI","AMPLITUD","LTRENDIDX","M","2018-10",99.71435,
"KOR","CLI","AMPLITUD","LTRENDIDX","M","2018-11",99.64901,
"KOR","CLI","AMPLITUD","LTRENDIDX","M","2018-12",99.59072,
"KOR","CLI","AMPLITUD","LTRENDIDX","M","2019-01",99.53472,
"KOR","CLI","AMPLITUD","LTRENDIDX","M","2019-02",99.47242,
"KOR","CLI","AMPLITUD","LTRENDIDX","M","2019-03",99.38853,
"KOR","CLI","AMPLITUD","LTRENDIDX","M","2019-04",99.28147,
"KOR","CLI","AMPLITUD","LTRENDIDX","M","2019-05",99.17786,
"KOR","CLI","AMPLITUD","LTRENDIDX","M","2019-06",99.09711,
"KOR","CLI","AMPLITUD","LTRENDIDX","M","2019-07",99.03568,
"KOR","CLI","AMPLITUD","LTRENDIDX","M","2019-08",99.01,
"KOR","CLI","AMPLITUD","LTRENDIDX","M","2019-09",99.02574,
"KOR","CLI","AMPLITUD","LTRENDIDX","M","2019-10",99.08632,
"KOR","CLI","AMPLITUD","LTRENDIDX","M","2019-11",99.1697,
"KOR","CLI","AMPLITUD","LTRENDIDX","M","2019-12",99.23748,
"KOR","CLI","AMPLITUD","LTRENDIDX","M","2020-01",99.25549,
"KOR","CLI","AMPLITUD","LTRENDIDX","M","2020-02",99.23503,
"KOR","CLI","AMPLITUD","LTRENDIDX","M","2020-03",99.21001,
"KOR","CLI","AMPLITUD","LTRENDIDX","M","2020-04",99.2281,
"KOR","CLI","AMPLITUD","LTRENDIDX","M","2020-05",99.31503,
"KOR","CLI","AMPLITUD","LTRENDIDX","M","2020-06",99.50104,
"KOR","CLI","AMPLITUD","LTRENDIDX","M","2020-07",99.77846,
"KOR","CLI","AMPLITUD","LTRENDIDX","M","2020-08",100.1144,
"KOR","CLI","AMPLITUD","LTRENDIDX","M","2020-09",100.4763,
"KOR","CLI","AMPLITUD","LTRENDIDX","M","2020-10",100.8278,
"KOR","CLI","AMPLITUD","LTRENDIDX","M","2020-11",101.1534,
